env,task,model,provider,memory_type,tw_difficulty,tw_level,env_name,agent_type,run_seed,episodes,successes,success_rate,success_rate_ci95_lower,success_rate_ci95_upper,success_std_episode_level,source_file,memory_type_from_filename,avg_steps_to_success,std_steps_to_success,avg_steps_all,std_steps_all,loop_rate,episodes_with_loop,loop_detector,truncation_rate,episodes_truncated,blocked_forward_rate,blocked_forward_steps,forward_attempt_steps,bfr_detector,blocked_forward_rate_explanation,fade_avg_active_facts,fade_std_active_facts,fade_avg_dormant_facts,fade_std_dormant_facts,fade_avg_fused_facts,fade_std_fused_facts,fade_avg_reactivations,fade_std_reactivations,fade_avg_priming_boosts,fade_std_priming_boosts,fade_avg_tag_triggers_fired,fade_std_tag_triggers_fired,fade_avg_tag_shields_expired,fade_std_tag_shields_expired,fade_avg_contradictions,fade_std_contradictions,fade_avg_compatible_resolved,fade_std_compatible_resolved,fade_avg_subsume_resolved,fade_std_subsume_resolved,fade_avg_fusions_performed,fade_std_fusions_performed,fade_episodes_with_memory_stats
babyai,GoToObj,deepseek-chat,deepseek,baseline,,,BabyAI-GoToObj-v0,baseline,0,30,4,0.13333333333333333,0.05309569424218104,0.2968168394441695,0.339934634239519,rollout_baseline_BabyAIGoToObjv0_20260331_105929_summary.json,baseline_BabyAIGoToObjv0,2.75,0.4330127018922193,55.833333333333336,20.82159669403115,0.8,24,v1_streak5_osc6,0.8666666666666667,26,0.0,0,6,v1_go_forward_grid_pos_unchanged,,,,,,,,,,,,,,,,,,,,,,,,
babyai,GoToObj,gpt-4o-mini,openai,baseline,,,BabyAI-GoToObj-v0,baseline,0,30,4,0.13333333333333333,0.05309569424218104,0.2968168394441695,0.339934634239519,rollout_baseline_BabyAIGoToObjv0_20260331_224600_summary.json,baseline_BabyAIGoToObjv0,2.75,0.4330127018922193,55.833333333333336,20.82159669403115,0.8333333333333334,25,v1_streak5_osc6,0.8666666666666667,26,0.0,0,6,v1_go_forward_grid_pos_unchanged,,,,,,,,,,,,,,,,,,,,,,,,
babyai,GoToObj,gemini-2.5-flash-lite,gemini,baseline,,,BabyAI-GoToObj-v0,baseline,0,30,4,0.13333333333333333,0.05309569424218104,0.2968168394441695,0.339934634239519,rollout_baseline_BabyAIGoToObjv0_20260403_123703_summary.json,baseline_BabyAIGoToObjv0,2.75,0.4330127018922193,55.833333333333336,20.82159669403115,0.8666666666666667,26,v1_streak5_osc6,0.8666666666666667,26,0.0,0,6,v1_go_forward_grid_pos_unchanged,,,,,,,,,,,,,,,,,,,,,,,,
babyai,Open,deepseek-chat,deepseek,baseline,,,BabyAI-Open-v0,baseline,0,30,2,0.06666666666666667,0.018476635327693364,0.2132381772107209,0.24944382578492943,rollout_baseline_BabyAIOpenv0_20260331_160248_summary.json,baseline_BabyAIOpenv0,4.0,1.0,74.93333333333334,18.959488975766785,0.9,27,v1_streak5_osc6,0.9333333333333333,28,0.95,76,80,v1_go_forward_grid_pos_unchanged,,,,,,,,,,,,,,,,,,,,,,,,
babyai,Open,gpt-4o-mini,openai,baseline,,,BabyAI-Open-v0,baseline,0,30,3,0.1,0.034599259959716175,0.2562144131526662,0.3,rollout_baseline_BabyAIOpenv0_20260401_015850_summary.json,baseline_BabyAIOpenv0,30.0,34.02939905434711,75.0,18.46076921474292,0.8,24,v1_streak5_osc6,0.9,27,0.808,101,125,v1_go_forward_grid_pos_unchanged,,,,,,,,,,,,,,,,,,,,,,,,
babyai,Open,gemini-2.5-flash-lite,gemini,baseline,,,BabyAI-Open-v0,baseline,0,30,3,0.1,0.034599259959716175,0.2562144131526662,0.3,rollout_baseline_BabyAIOpenv0_20260401_134931_summary.json,baseline_BabyAIOpenv0,3.6666666666666665,0.9428090415820634,72.36666666666666,22.901940723198305,0.8666666666666667,26,v1_streak5_osc6,0.9,27,0.8494623655913979,79,93,v1_go_forward_grid_pos_unchanged,,,,,,,,,,,,,,,,,,,,,,,,
babyai,Pickup,deepseek-chat,deepseek,baseline,,,BabyAI-Pickup-v0,baseline,0,30,0,0,0.0,0.113517091390478,0.0,rollout_baseline_BabyAIPickupv0_20260331_174153_summary.json,baseline_BabyAIPickupv0,,,80.0,0.0,0.9333333333333333,28,v1_streak5_osc6,1,30,0.0,0,2,v1_go_forward_grid_pos_unchanged,,,,,,,,,,,,,,,,,,,,,,,,
babyai,Pickup,gpt-4o-mini,openai,baseline,,,BabyAI-Pickup-v0,baseline,0,30,1,0.03333333333333333,0.0059084379948573795,0.16670751396958874,0.17950549357115014,rollout_baseline_BabyAIPickupv0_20260401_020742_summary.json,baseline_BabyAIPickupv0,4.0,0.0,77.46666666666667,13.64241751140741,0.9333333333333333,28,v1_streak5_osc6,0.9666666666666667,29,0.9466192170818505,266,281,v1_go_forward_grid_pos_unchanged,,,,,,,,,,,,,,,,,,,,,,,,
babyai,Pickup,gemini-2.5-flash-lite,gemini,baseline,,,BabyAI-Pickup-v0,baseline,0,30,0,0,0.0,0.113517091390478,0.0,rollout_baseline_BabyAIPickupv0_20260401_142209_summary.json,baseline_BabyAIPickupv0,,,80.0,0.0,0.9333333333333333,28,v1_streak5_osc6,1,30,0.9629629629629629,234,243,v1_go_forward_grid_pos_unchanged,,,,,,,,,,,,,,,,,,,,,,,,
babyai,Unlock,deepseek-chat,deepseek,baseline,,,BabyAI-Unlock-v0,baseline,0,30,0,0,0.0,0.113517091390478,0.0,rollout_baseline_BabyAIUnlockv0_20260331_164626_summary.json,baseline_BabyAIUnlockv0,,,80.0,0.0,1,30,v1_streak5_osc6,1,30,1.0,79,79,v1_go_forward_grid_pos_unchanged,,,,,,,,,,,,,,,,,,,,,,,,
babyai,Unlock,gpt-4o-mini,openai,baseline,,,BabyAI-Unlock-v0,baseline,0,30,0,0,0.0,0.113517091390478,0.0,rollout_baseline_BabyAIUnlockv0_20260401_020714_summary.json,baseline_BabyAIUnlockv0,,,80.0,0.0,0.9333333333333333,28,v1_streak5_osc6,1,30,0.7038834951456311,145,206,v1_go_forward_grid_pos_unchanged,,,,,,,,,,,,,,,,,,,,,,,,
babyai,Unlock,gemini-2.5-flash-lite,gemini,baseline,,,BabyAI-Unlock-v0,baseline,0,30,1,0.03333333333333333,0.0059084379948573795,0.16670751396958874,0.17950549357115014,rollout_baseline_BabyAIUnlockv0_20260401_141637_summary.json,baseline_BabyAIUnlockv0,5.0,0.0,77.5,13.46291201783626,0.9333333333333333,28,v1_streak5_osc6,0.9666666666666667,29,0.8368794326241135,236,282,v1_go_forward_grid_pos_unchanged,,,,,,,,,,,,,,,,,,,,,,,,
babyai,GoToObj,deepseek-chat,deepseek,enriched,,,BabyAI-GoToObj-v0,enriched,0,30,4,0.13333333333333333,0.05309569424218104,0.2968168394441695,0.339934634239519,rollout_enriched_BabyAIGoToObjv0_20260331_134133_summary.json,enriched_BabyAIGoToObjv0,2.75,0.4330127018922193,55.833333333333336,20.82159669403115,0.8,24,v1_streak5_osc6,0.8666666666666667,26,0.0,0,7,v1_go_forward_grid_pos_unchanged,,,,,,,,,,,,,,,,,,,,,,,,
babyai,GoToObj,gpt-4o-mini,openai,enriched,,,BabyAI-GoToObj-v0,enriched,0,30,4,0.13333333333333333,0.05309569424218104,0.2968168394441695,0.339934634239519,rollout_enriched_BabyAIGoToObjv0_20260401_015240_summary.json,enriched_BabyAIGoToObjv0,2.75,0.4330127018922193,55.833333333333336,20.82159669403115,0.7666666666666667,23,v1_streak5_osc6,0.8666666666666667,26,0.0,0,6,v1_go_forward_grid_pos_unchanged,,,,,,,,,,,,,,,,,,,,,,,,
babyai,GoToObj,gemini-2.5-flash-lite,gemini,enriched,,,BabyAI-GoToObj-v0,enriched,0,30,25,0.8333333333333334,0.6643529481431982,0.9266356575964831,0.37267799624996495,rollout_enriched_BabyAIGoToObjv0_20260403_133026_summary.json,enriched_BabyAIGoToObjv0,19.92,13.658462578196712,27.266666666666666,20.62350331269857,0.8333333333333334,25,v1_streak5_osc6,0.16666666666666666,5,0.042735042735042736,5,117,v1_go_forward_grid_pos_unchanged,,,,,,,,,,,,,,,,,,,,,,,,
babyai,Open,deepseek-chat,deepseek,enriched,,,BabyAI-Open-v0,enriched,0,30,3,0.1,0.034599259959716175,0.2562144131526662,0.3,rollout_enriched_BabyAIOpenv0_20260331_200427_summary.json,enriched_BabyAIOpenv0,7.666666666666667,4.109609335312651,72.76666666666667,21.73887966038933,0.8666666666666667,26,v1_streak5_osc6,0.9,27,0.8985507246376812,124,138,v1_go_forward_grid_pos_unchanged,,,,,,,,,,,,,,,,,,,,,,,,
babyai,Open,gpt-4o-mini,openai,enriched,,,BabyAI-Open-v0,enriched,0,30,3,0.1,0.034599259959716175,0.2562144131526662,0.3,rollout_enriched_BabyAIOpenv0_20260401_045502_summary.json,enriched_BabyAIOpenv0,5.333333333333333,2.0548046676563256,72.53333333333333,22.409422621348863,0.7,21,v1_streak5_osc6,0.9,27,0.883248730964467,174,197,v1_go_forward_grid_pos_unchanged,,,,,,,,,,,,,,,,,,,,,,,,
babyai,Open,gemini-2.5-flash-lite,gemini,enriched,,,BabyAI-Open-v0,enriched,0,30,6,0.2,0.09504978102401235,0.37306047381027446,0.4,rollout_enriched_BabyAIOpenv0_20260401_144133_summary.json,enriched_BabyAIOpenv0,16.166666666666668,16.856419812311536,67.23333333333333,26.622901586583097,0.9,27,v1_streak5_osc6,0.8,24,0.6409495548961425,216,337,v1_go_forward_grid_pos_unchanged,,,,,,,,,,,,,,,,,,,,,,,,
babyai,Pickup,deepseek-chat,deepseek,enriched,,,BabyAI-Pickup-v0,enriched,0,30,1,0.03333333333333333,0.0059084379948573795,0.16670751396958874,0.17950549357115014,rollout_enriched_BabyAIPickupv0_20260331_213138_summary.json,enriched_BabyAIPickupv0,10.0,0.0,77.66666666666667,12.565384549980509,0.9,27,v1_streak5_osc6,0.9666666666666667,29,0.8940397350993378,135,151,v1_go_forward_grid_pos_unchanged,,,,,,,,,,,,,,,,,,,,,,,,
babyai,Pickup,gpt-4o-mini,openai,enriched,,,BabyAI-Pickup-v0,enriched,0,30,2,0.06666666666666667,0.018476635327693364,0.2132381772107209,0.24944382578492943,rollout_enriched_BabyAIPickupv0_20260401_051506_summary.json,enriched_BabyAIPickupv0,32.5,28.5,76.83333333333333,13.947719845511985,0.5666666666666667,17,v1_streak5_osc6,0.9333333333333333,28,0.9554455445544554,386,404,v1_go_forward_grid_pos_unchanged,,,,,,,,,,,,,,,,,,,,,,,,
babyai,Pickup,gemini-2.5-flash-lite,gemini,enriched,,,BabyAI-Pickup-v0,enriched,0,30,2,0.06666666666666667,0.018476635327693364,0.2132381772107209,0.24944382578492943,rollout_enriched_BabyAIPickupv0_20260401_160051_summary.json,enriched_BabyAIPickupv0,62.5,7.5,78.83333333333333,4.775516260631468,0.9666666666666667,29,v1_streak5_osc6,0.9333333333333333,28,0.8539576365663322,766,897,v1_go_forward_grid_pos_unchanged,,,,,,,,,,,,,,,,,,,,,,,,
babyai,Unlock,deepseek-chat,deepseek,enriched,,,BabyAI-Unlock-v0,enriched,0,30,2,0.06666666666666667,0.018476635327693364,0.2132381772107209,0.24944382578492943,rollout_enriched_BabyAIUnlockv0_20260331_205821_summary.json,enriched_BabyAIUnlockv0,46.5,24.5,77.76666666666667,10.480723045456147,1,30,v1_streak5_osc6,0.9333333333333333,28,0.8807339449541285,192,218,v1_go_forward_grid_pos_unchanged,,,,,,,,,,,,,,,,,,,,,,,,
babyai,Unlock,gpt-4o-mini,openai,enriched,,,BabyAI-Unlock-v0,enriched,0,30,0,0,0.0,0.113517091390478,0.0,rollout_enriched_BabyAIUnlockv0_20260401_071252_summary.json,enriched_BabyAIUnlockv0,,,80.0,0.0,0.9333333333333333,28,v1_streak5_osc6,1,30,0.8551068883610451,360,421,v1_go_forward_grid_pos_unchanged,,,,,,,,,,,,,,,,,,,,,,,,
babyai,Unlock,gemini-2.5-flash-lite,gemini,enriched,,,BabyAI-Unlock-v0,enriched,0,30,3,0.1,0.034599259959716175,0.2562144131526662,0.3,rollout_enriched_BabyAIUnlockv0_20260401_151252_summary.json,enriched_BabyAIUnlockv0,13.333333333333334,6.944222218666553,73.33333333333333,20.1201943882812,0.9,27,v1_streak5_osc6,0.9,27,0.7070552147239264,461,652,v1_go_forward_grid_pos_unchanged,,,,,,,,,,,,,,,,,,,,,,,,
babyai,GoToObj,deepseek-chat,deepseek,enriched_history,,,BabyAI-GoToObj-v0,enriched_history,0,30,21,0.7,0.5212387898833981,0.8333543735604105,0.458257569495584,rollout_enriched_history_BabyAIGoToObjv0_20260331_150834_summary.json,enriched_history_BabyAIGoToObjv0,20.333333333333332,15.378814535195374,33.43333333333333,23.79031081950988,0.7,21,v1_streak5_osc6,0.3,9,0.08333333333333333,9,108,v1_go_forward_grid_pos_unchanged,,,,,,,,,,,,,,,,,,,,,,,,
babyai,GoToObj,gpt-4o-mini,openai,enriched_history,,,BabyAI-GoToObj-v0,enriched_history,0,30,15,0.5,0.33153851227173764,0.6684614877282624,0.5,rollout_enriched_history_BabyAIGoToObjv0_20260401_025213_summary.json,enriched_history_BabyAIGoToObjv0,11.6,10.467728183963,37.8,27.22547826332288,0.5666666666666667,17,v1_streak5_osc6,0.5,15,0.038461538461538464,2,52,v1_go_forward_grid_pos_unchanged,,,,,,,,,,,,,,,,,,,,,,,,
babyai,GoToObj,gemini-2.5-flash-lite,gemini,enriched_history,,,BabyAI-GoToObj-v0,enriched_history,0,30,19,0.6333333333333333,0.45513246433604937,0.7812629779598231,0.4818944098266987,rollout_enriched_history_BabyAIGoToObjv0_20260403_134317_summary.json,enriched_history_BabyAIGoToObjv0,19.31578947368421,16.783615542919254,35.7,25.339231769465048,0.43333333333333335,13,v1_streak5_osc6,0.36666666666666664,11,0.2077922077922078,32,154,v1_go_forward_grid_pos_unchanged,,,,,,,,,,,,,,,,,,,,,,,,
babyai,Open,deepseek-chat,deepseek,enriched_history,,,BabyAI-Open-v0,enriched_history,0,30,7,0.23333333333333334,0.11792239210501232,0.40928672330324267,0.42295258468165065,rollout_enriched_history_BabyAIOpenv0_20260331_213231_summary.json,enriched_history_BabyAIOpenv0,24.0,22.965813101838382,66.93333333333334,26.154583197256695,0.7,21,v1_streak5_osc6,0.7666666666666667,23,0.4513064133016627,190,421,v1_go_forward_grid_pos_unchanged,,,,,,,,,,,,,,,,,,,,,,,,
babyai,Open,gpt-4o-mini,openai,enriched_history,,,BabyAI-Open-v0,enriched_history,0,30,5,0.16666666666666666,0.07336434240351686,0.33564705185680177,0.37267799624996495,rollout_enriched_history_BabyAIOpenv0_20260401_055810_summary.json,enriched_history_BabyAIOpenv0,22.4,24.63818175109519,70.4,23.705976742866625,0.7333333333333333,22,v1_streak5_osc6,0.8333333333333334,25,0.6946386946386947,298,429,v1_go_forward_grid_pos_unchanged,,,,,,,,,,,,,,,,,,,,,,,,
babyai,Open,gemini-2.5-flash-lite,gemini,enriched_history,,,BabyAI-Open-v0,enriched_history,0,30,9,0.3,0.16664562643958933,0.4787612101166018,0.458257569495584,rollout_enriched_history_BabyAIOpenv0_20260401_104022_summary.json,enriched_history_BabyAIOpenv0,21.22222222222222,23.01582922820137,62.36666666666667,29.739405209624188,0.7333333333333333,22,v1_streak5_osc6,0.7,21,0.4837476099426386,253,523,v1_go_forward_grid_pos_unchanged,,,,,,,,,,,,,,,,,,,,,,,,
babyai,Pickup,deepseek-chat,deepseek,enriched_history,,,BabyAI-Pickup-v0,enriched_history,0,30,5,0.16666666666666666,0.07336434240351686,0.33564705185680177,0.37267799624996495,rollout_enriched_history_BabyAIPickupv0_20260331_225858_summary.json,enriched_history_BabyAIPickupv0,28.4,15.856859714331838,71.4,20.290556095550134,0.9,27,v1_streak5_osc6,0.8333333333333334,25,0.34451901565995524,154,447,v1_go_forward_grid_pos_unchanged,,,,,,,,,,,,,,,,,,,,,,,,
babyai,Pickup,gpt-4o-mini,openai,enriched_history,,,BabyAI-Pickup-v0,enriched_history,0,30,3,0.1,0.034599259959716175,0.2562144131526662,0.3,rollout_enriched_history_BabyAIPickupv0_20260401_061933_summary.json,enriched_history_BabyAIPickupv0,25.666666666666668,27.86076492528915,74.56666666666666,18.528686467805056,0.7666666666666667,23,v1_streak5_osc6,0.9,27,0.7886178861788617,291,369,v1_go_forward_grid_pos_unchanged,,,,,,,,,,,,,,,,,,,,,,,,
babyai,Pickup,gemini-2.5-flash-lite,gemini,enriched_history,,,BabyAI-Pickup-v0,enriched_history,0,30,3,0.1,0.034599259959716175,0.2562144131526662,0.3,rollout_enriched_history_BabyAIPickupv0_20260401_163912_summary.json,enriched_history_BabyAIPickupv0,27.333333333333332,29.465610840812758,74.73333333333333,18.34290659143807,0.9,27,v1_streak5_osc6,0.9,27,0.6146272855133614,437,711,v1_go_forward_grid_pos_unchanged,,,,,,,,,,,,,,,,,,,,,,,,
babyai,Unlock,deepseek-chat,deepseek,enriched_history,,,BabyAI-Unlock-v0,enriched_history,0,30,3,0.1,0.034599259959716175,0.2562144131526662,0.3,rollout_enriched_history_BabyAIUnlockv0_20260331_222734_summary.json,enriched_history_BabyAIUnlockv0,47.666666666666664,26.10661899893503,76.76666666666667,12.737564741957371,0.9666666666666667,29,v1_streak5_osc6,0.9,27,0.5223880597014925,245,469,v1_go_forward_grid_pos_unchanged,,,,,,,,,,,,,,,,,,,,,,,,
babyai,Unlock,gpt-4o-mini,openai,enriched_history,,,BabyAI-Unlock-v0,enriched_history,0,30,4,0.13333333333333333,0.05309569424218104,0.2968168394441695,0.339934634239519,rollout_enriched_history_BabyAIUnlockv0_20260401_054736_summary.json,enriched_history_BabyAIUnlockv0,37.75,21.579793789561567,74.36666666666666,16.381866668837088,0.9333333333333333,28,v1_streak5_osc6,0.8666666666666667,26,0.7676630434782609,565,736,v1_go_forward_grid_pos_unchanged,,,,,,,,,,,,,,,,,,,,,,,,
babyai,Unlock,gemini-2.5-flash-lite,gemini,enriched_history,,,BabyAI-Unlock-v0,enriched_history,0,30,4,0.13333333333333333,0.05309569424218104,0.2968168394441695,0.339934634239519,rollout_enriched_history_BabyAIUnlockv0_20260401_104723_summary.json,enriched_history_BabyAIUnlockv0,36.75,18.779976038323372,74.23333333333333,16.222789183395342,0.7333333333333333,22,v1_streak5_osc6,0.8666666666666667,26,0.5269168026101142,323,613,v1_go_forward_grid_pos_unchanged,,,,,,,,,,,,,,,,,,,,,,,,
babyai,GoToObj,gpt-4o-mini,openai,fade_enriched_history,,,BabyAI-GoToObj-v0,fade_enriched_history,0,30,16,0.5333333333333333,0.3614201328152505,0.6976787277587178,0.49888765156985887,rollout_fade_enriched_history_BabyAIGoToObjv0_20260401_083506_summary.json,fade_enriched_history_BabyAIGoToObjv0,15.625,13.317633986560827,38.2,26.01973609909729,0.6666666666666666,20,v1_streak5_osc6,0.4666666666666667,14,0.0392156862745098,2,51,v1_go_forward_grid_pos_unchanged,,,,,,,,,,,,,,,,,,,,,,,,
babyai,GoToObj,deepseek-chat,deepseek,fade_enriched_history,,,BabyAI-GoToObj-v0,fade_enriched_history,0,30,17,0.5666666666666667,0.3919700954540873,0.7262276256938489,0.49553562491061687,rollout_fade_enriched_history_BabyAIGoToObjv0_20260401_114147_summary.json,fade_enriched_history_BabyAIGoToObjv0,13.647058823529411,13.015561620255095,35.46666666666667,26.80638398259307,0.6,18,v1_streak5_osc6,0.43333333333333335,13,0.06818181818181818,6,88,v1_go_forward_grid_pos_unchanged,,,,,,,,,,,,,,,,,,,,,,,,
babyai,GoToObj,gemini-2.5-flash-lite,gemini,fade_enriched_history,,,BabyAI-GoToObj-v0,fade_enriched_history,0,30,18,0.6,0.42320052498273836,0.7540960567391659,0.4898979485566356,rollout_fade_enriched_history_BabyAIGoToObjv0_20260401_172607_summary.json,fade_enriched_history_BabyAIGoToObjv0,16.77777777777778,16.8442392247833,35.666666666666664,26.55978580904263,0.5666666666666667,17,v1_streak5_osc6,0.4,12,0.24193548387096775,30,124,v1_go_forward_grid_pos_unchanged,,,,,,,,,,,,,,,,,,,,,,,,
babyai,Open,gpt-4o-mini,openai,fade_enriched_history,,,BabyAI-Open-v0,fade_enriched_history,0,30,4,0.13333333333333333,0.05309569424218104,0.2968168394441695,0.339934634239519,rollout_fade_enriched_history_BabyAIOpenv0_20260401_083625_summary.json,fade_enriched_history_BabyAIOpenv0,27.5,31.196954979612993,73.0,21.172308959267212,0.8333333333333334,25,v1_streak5_osc6,0.8666666666666667,26,0.724390243902439,297,410,v1_go_forward_grid_pos_unchanged,,,,,,,,,,,,,,,,,,,,,,,,
babyai,Open,deepseek-chat,deepseek,fade_enriched_history,,,BabyAI-Open-v0,fade_enriched_history,0,30,6,0.2,0.09504978102401235,0.37306047381027446,0.4,rollout_fade_enriched_history_BabyAIOpenv0_20260401_114220_summary.json,fade_enriched_history_BabyAIOpenv0,15.0,14.719601443879744,67.0,26.820390253188588,0.7666666666666667,23,v1_streak5_osc6,0.8,24,0.47109826589595377,163,346,v1_go_forward_grid_pos_unchanged,,,,,,,,,,,,,,,,,,,,,,,,
babyai,Open,gemini-2.5-flash-lite,gemini,fade_enriched_history,,,BabyAI-Open-v0,fade_enriched_history,0,30,7,0.23333333333333334,0.11792239210501232,0.40928672330324267,0.4229525846816507,rollout_fade_enriched_history_BabyAIOpenv0_20260401_183630_summary.json,fade_enriched_history_BabyAIOpenv0,8.714285714285714,6.797358430497325,63.36666666666667,30.3287359153365,0.7,21,v1_streak5_osc6,0.7666666666666667,23,0.46651785714285715,209,448,v1_go_forward_grid_pos_unchanged,,,,,,,,,,,,,,,,,,,,,,,,
babyai,Pickup,gpt-4o-mini,openai,fade_enriched_history,,,BabyAI-Pickup-v0,fade_enriched_history,0,30,4,0.13333333333333333,0.05309569424218104,0.2968168394441695,0.339934634239519,rollout_fade_enriched_history_BabyAIPickupv0_20260401_085240_summary.json,fade_enriched_history_BabyAIPickupv0,20.5,23.47871376374779,72.06666666666666,21.968057619087663,0.7666666666666667,23,v1_streak5_osc6,0.8666666666666667,26,0.6520376175548589,208,319,v1_go_forward_grid_pos_unchanged,,,,,,,,,,,,,,,,,,,,,,,,
babyai,Pickup,deepseek-chat,deepseek,fade_enriched_history,,,BabyAI-Pickup-v0,fade_enriched_history,0,30,3,0.1,0.034599259959716175,0.2562144131526662,0.3,rollout_fade_enriched_history_BabyAIPickupv0_20260401_122925_summary.json,fade_enriched_history_BabyAIPickupv0,37.0,15.769168230019828,75.7,13.830280787701552,0.7666666666666667,23,v1_streak5_osc6,0.9,27,0.3125,140,448,v1_go_forward_grid_pos_unchanged,,,,,,,,,,,,,,,,,,,,,,,,
babyai,Pickup,gemini-2.5-flash-lite,gemini,fade_enriched_history,,,BabyAI-Pickup-v0,fade_enriched_history,0,30,7,0.23333333333333334,0.11792239210501232,0.40928672330324267,0.4229525846816507,rollout_fade_enriched_history_BabyAIPickupv0_20260401_172449_summary.json,fade_enriched_history_BabyAIPickupv0,39.0,21.084862545708678,70.43333333333334,20.110831796709842,0.8333333333333334,25,v1_streak5_osc6,0.7666666666666667,23,0.5157894736842106,294,570,v1_go_forward_grid_pos_unchanged,,,,,,,,,,,,,,,,,,,,,,,,
babyai,Unlock,gpt-4o-mini,openai,fade_enriched_history,,,BabyAI-Unlock-v0,fade_enriched_history,0,30,1,0.03333333333333333,0.0059084379948573795,0.16670751396958874,0.17950549357115014,rollout_fade_enriched_history_BabyAIUnlockv0_20260401_084601_summary.json,fade_enriched_history_BabyAIUnlockv0,18.0,0.0,77.93333333333334,11.12934060141131,0.9333333333333333,28,v1_streak5_osc6,0.9666666666666667,29,0.8154020385050963,720,883,v1_go_forward_grid_pos_unchanged,,,,,,,,,,,,,,,,,,,,,,,,
babyai,Unlock,deepseek-chat,deepseek,fade_enriched_history,,,BabyAI-Unlock-v0,fade_enriched_history,0,30,2,0.06666666666666667,0.018476635327693364,0.2132381772107209,0.24944382578492943,rollout_fade_enriched_history_BabyAIUnlockv0_20260401_122910_summary.json,fade_enriched_history_BabyAIUnlockv0,33.0,14.0,76.86666666666666,12.268478127117298,0.9,27,v1_streak5_osc6,0.9333333333333333,28,0.5255102040816326,206,392,v1_go_forward_grid_pos_unchanged,,,,,,,,,,,,,,,,,,,,,,,,
babyai,Unlock,gemini-2.5-flash-lite,gemini,fade_enriched_history,,,BabyAI-Unlock-v0,fade_enriched_history,0,30,3,0.1,0.034599259959716175,0.2562144131526662,0.3,rollout_fade_enriched_history_BabyAIUnlockv0_20260401_172420_summary.json,fade_enriched_history_BabyAIUnlockv0,45.333333333333336,28.394052585395805,76.53333333333333,13.739804300725037,0.9,27,v1_streak5_osc6,0.9,27,0.47394957983193275,282,595,v1_go_forward_grid_pos_unchanged,,,,,,,,,,,,,,,,,,,,,,,,
babyai,GoToObj,deepseek-chat,deepseek,reflection,,,BabyAI-GoToObj-v0,reflection,0,30,4,0.13333333333333333,0.05309569424218104,0.2968168394441695,0.339934634239519,rollout_reflection_BabyAIGoToObjv0_20260331_123236_summary.json,reflection_BabyAIGoToObjv0,2.75,0.4330127018922193,55.833333333333336,20.82159669403115,0.8,24,v1_streak5_osc6,0.8666666666666667,26,0.0,0,6,v1_go_forward_grid_pos_unchanged,,,,,,,,,,,,,,,,,,,,,,,,
babyai,GoToObj,gpt-4o-mini,openai,reflection,,,BabyAI-GoToObj-v0,reflection,0,30,4,0.13333333333333333,0.05309569424218104,0.2968168394441695,0.339934634239519,rollout_reflection_BabyAIGoToObjv0_20260331_235047_summary.json,reflection_BabyAIGoToObjv0,2.75,0.4330127018922193,55.833333333333336,20.82159669403115,0.8333333333333334,25,v1_streak5_osc6,0.8666666666666667,26,0.0,0,6,v1_go_forward_grid_pos_unchanged,,,,,,,,,,,,,,,,,,,,,,,,
babyai,GoToObj,gemini-2.5-flash-lite,gemini,reflection,,,BabyAI-GoToObj-v0,reflection,0,30,4,0.13333333333333333,0.05309569424218104,0.2968168394441695,0.339934634239519,rollout_reflection_BabyAIGoToObjv0_20260403_131127_summary.json,reflection_BabyAIGoToObjv0,2.75,0.4330127018922193,55.833333333333336,20.82159669403115,0.8666666666666667,26,v1_streak5_osc6,0.8666666666666667,26,0.0,0,6,v1_go_forward_grid_pos_unchanged,,,,,,,,,,,,,,,,,,,,,,,,
babyai,Open,deepseek-chat,deepseek,reflection,,,BabyAI-Open-v0,reflection,0,30,0,0,0.0,0.113517091390478,0.0,rollout_reflection_BabyAIOpenv0_20260331_184014_summary.json,reflection_BabyAIOpenv0,,,80.0,0.0,0.9333333333333333,28,v1_streak5_osc6,1,30,0.9830508474576272,232,236,v1_go_forward_grid_pos_unchanged,,,,,,,,,,,,,,,,,,,,,,,,
babyai,Open,gpt-4o-mini,openai,reflection,,,BabyAI-Open-v0,reflection,0,30,5,0.16666666666666666,0.07336434240351686,0.33564705185680177,0.37267799624996495,rollout_reflection_BabyAIOpenv0_20260401_035332_summary.json,reflection_BabyAIOpenv0,11.0,11.384199576606166,68.5,26.131398737916804,0.8,24,v1_streak5_osc6,0.8333333333333334,25,0.6353591160220995,115,181,v1_go_forward_grid_pos_unchanged,,,,,,,,,,,,,,,,,,,,,,,,
babyai,Open,gemini-2.5-flash-lite,gemini,reflection,,,BabyAI-Open-v0,reflection,0,30,3,0.1,0.034599259959716175,0.2562144131526662,0.3,rollout_reflection_BabyAIOpenv0_20260401_141713_summary.json,reflection_BabyAIOpenv0,3.6666666666666665,0.9428090415820634,72.36666666666666,22.901940723198305,0.8666666666666667,26,v1_streak5_osc6,0.9,27,0.9590163934426229,234,244,v1_go_forward_grid_pos_unchanged,,,,,,,,,,,,,,,,,,,,,,,,
babyai,Pickup,deepseek-chat,deepseek,reflection,,,BabyAI-Pickup-v0,reflection,0,30,0,0,0.0,0.113517091390478,0.0,rollout_reflection_BabyAIPickupv0_20260331_201903_summary.json,reflection_BabyAIPickupv0,,,80.0,0.0,0.8,24,v1_streak5_osc6,1,30,0.0,0,6,v1_go_forward_grid_pos_unchanged,,,,,,,,,,,,,,,,,,,,,,,,
babyai,Pickup,gpt-4o-mini,openai,reflection,,,BabyAI-Pickup-v0,reflection,0,30,1,0.03333333333333333,0.0059084379948573795,0.16670751396958874,0.17950549357115014,rollout_reflection_BabyAIPickupv0_20260401_040247_summary.json,reflection_BabyAIPickupv0,4.0,0.0,77.46666666666667,13.64241751140741,0.8,24,v1_streak5_osc6,0.9666666666666667,29,0.8928571428571429,325,364,v1_go_forward_grid_pos_unchanged,,,,,,,,,,,,,,,,,,,,,,,,
babyai,Pickup,gemini-2.5-flash-lite,gemini,reflection,,,BabyAI-Pickup-v0,reflection,0,30,0,0,0.0,0.113517091390478,0.0,rollout_reflection_BabyAIPickupv0_20260401_151507_summary.json,reflection_BabyAIPickupv0,,,80.0,0.0,0.9333333333333333,28,v1_streak5_osc6,1,30,0.9682539682539683,305,315,v1_go_forward_grid_pos_unchanged,,,,,,,,,,,,,,,,,,,,,,,,
babyai,Unlock,deepseek-chat,deepseek,reflection,,,BabyAI-Unlock-v0,reflection,0,30,0,0,0.0,0.113517091390478,0.0,rollout_reflection_BabyAIUnlockv0_20260331_194311_summary.json,reflection_BabyAIUnlockv0,,,80.0,0.0,1,30,v1_streak5_osc6,1,30,0.9879032258064516,245,248,v1_go_forward_grid_pos_unchanged,,,,,,,,,,,,,,,,,,,,,,,,
babyai,Unlock,gpt-4o-mini,openai,reflection,,,BabyAI-Unlock-v0,reflection,0,30,3,0.1,0.034599259959716175,0.2562144131526662,0.3,rollout_reflection_BabyAIUnlockv0_20260401_040415_summary.json,reflection_BabyAIUnlockv0,20.333333333333332,8.379870059984357,74.03333333333333,18.09508834524502,0.8666666666666667,26,v1_streak5_osc6,0.9,27,0.8,212,265,v1_go_forward_grid_pos_unchanged,,,,,,,,,,,,,,,,,,,,,,,,
babyai,Unlock,gemini-2.5-flash-lite,gemini,reflection,,,BabyAI-Unlock-v0,reflection,0,30,0,0,0.0,0.113517091390478,0.0,rollout_reflection_BabyAIUnlockv0_20260401_144104_summary.json,reflection_BabyAIUnlockv0,,,80.0,0.0,0.9666666666666667,29,v1_streak5_osc6,1,30,0.9132947976878613,158,173,v1_go_forward_grid_pos_unchanged,,,,,,,,,,,,,,,,,,,,,,,,
babyai,GoToObj,deepseek-chat,deepseek,trajectory,,,BabyAI-GoToObj-v0,trajectory,0,30,24,0.8,0.6269395261897256,0.9049502189759876,0.4,rollout_trajectory_BabyAIGoToObjv0_20260331_120026_summary.json,trajectory_BabyAIGoToObjv0,18.833333333333332,15.431749378760948,27.866666666666667,22.735776994762144,0.6333333333333333,19,v1_streak5_osc6,0.2,6,0.034482758620689655,4,116,v1_go_forward_grid_pos_unchanged,,,,,,,,,,,,,,,,,,,,,,,,
babyai,GoToObj,gpt-4o-mini,openai,trajectory,,,BabyAI-GoToObj-v0,trajectory,0,30,11,0.36666666666666664,0.2187370220401768,0.5448675356639505,0.4818944098266987,rollout_trajectory_BabyAIGoToObjv0_20260331_232358_summary.json,trajectory_BabyAIGoToObjv0,15.363636363636363,21.222940963506822,46.166666666666664,26.72961320749371,0.6666666666666666,20,v1_streak5_osc6,0.6333333333333333,19,0.0,0,35,v1_go_forward_grid_pos_unchanged,,,,,,,,,,,,,,,,,,,,,,,,
babyai,GoToObj,gemini-2.5-flash-lite,gemini,trajectory,,,BabyAI-GoToObj-v0,trajectory,0,30,11,0.36666666666666664,0.2187370220401768,0.5448675356639505,0.4818944098266987,rollout_trajectory_BabyAIGoToObjv0_20260403_125503_summary.json,trajectory_BabyAIGoToObjv0,10.818181818181818,11.019141872364916,44.5,26.482384082001882,0.5333333333333333,16,v1_streak5_osc6,0.6333333333333333,19,0.12698412698412698,8,63,v1_go_forward_grid_pos_unchanged,,,,,,,,,,,,,,,,,,,,,,,,
babyai,Open,deepseek-chat,deepseek,trajectory,,,BabyAI-Open-v0,trajectory,0,30,9,0.3,0.16664562643958933,0.4787612101166018,0.458257569495584,rollout_trajectory_BabyAIOpenv0_20260331_172543_summary.json,trajectory_BabyAIOpenv0,23.666666666666668,20.986768318262925,63.1,28.258744959156743,0.7,21,v1_streak5_osc6,0.7,21,0.41621621621621624,231,555,v1_go_forward_grid_pos_unchanged,,,,,,,,,,,,,,,,,,,,,,,,
babyai,Open,gpt-4o-mini,openai,trajectory,,,BabyAI-Open-v0,trajectory,0,30,1,0.03333333333333333,0.0059084379948573795,0.16670751396958874,0.17950549357115014,rollout_trajectory_BabyAIOpenv0_20260401_030152_summary.json,trajectory_BabyAIOpenv0,4.0,0.0,77.46666666666667,13.64241751140741,0.8666666666666667,26,v1_streak5_osc6,0.9666666666666667,29,0.8723404255319149,287,329,v1_go_forward_grid_pos_unchanged,,,,,,,,,,,,,,,,,,,,,,,,
babyai,Open,gemini-2.5-flash-lite,gemini,trajectory,,,BabyAI-Open-v0,trajectory,0,30,4,0.13333333333333333,0.05309569424218104,0.2968168394441695,0.339934634239519,rollout_trajectory_BabyAIOpenv0_20260401_101608_summary.json,trajectory_BabyAIOpenv0,13.25,17.181021506301654,71.1,23.541948375895597,0.8333333333333334,25,v1_streak5_osc6,0.8666666666666667,26,0.36472945891783565,182,499,v1_go_forward_grid_pos_unchanged,,,,,,,,,,,,,,,,,,,,,,,,
babyai,Pickup,deepseek-chat,deepseek,trajectory,,,BabyAI-Pickup-v0,trajectory,0,30,7,0.23333333333333334,0.11792239210501232,0.40928672330324267,0.42295258468165065,rollout_trajectory_BabyAIPickupv0_20260331_190936_summary.json,trajectory_BabyAIPickupv0,36.57142857142857,24.17706790007626,69.86666666666666,21.766539050161885,0.6666666666666666,20,v1_streak5_osc6,0.7666666666666667,23,0.4036850921273032,241,597,v1_go_forward_grid_pos_unchanged,,,,,,,,,,,,,,,,,,,,,,,,
babyai,Pickup,gpt-4o-mini,openai,trajectory,,,BabyAI-Pickup-v0,trajectory,0,30,3,0.1,0.034599259959716175,0.2562144131526662,0.3,rollout_trajectory_BabyAIPickupv0_20260401_031222_summary.json,trajectory_BabyAIPickupv0,22.333333333333332,23.83741223837483,74.23333333333333,18.870935912726274,0.8666666666666667,26,v1_streak5_osc6,0.9,27,0.8578199052132701,181,211,v1_go_forward_grid_pos_unchanged,,,,,,,,,,,,,,,,,,,,,,,,
babyai,Pickup,gemini-2.5-flash-lite,gemini,trajectory,,,BabyAI-Pickup-v0,trajectory,0,30,4,0.13333333333333333,0.05309569424218104,0.2968168394441695,0.339934634239519,rollout_trajectory_BabyAIPickupv0_20260401_144704_summary.json,trajectory_BabyAIPickupv0,16.25,7.46240577829965,71.5,21.841474309212735,0.8333333333333334,25,v1_streak5_osc6,0.8666666666666667,26,0.6314285714285715,221,350,v1_go_forward_grid_pos_unchanged,,,,,,,,,,,,,,,,,,,,,,,,
babyai,Unlock,deepseek-chat,deepseek,trajectory,,,BabyAI-Unlock-v0,trajectory,0,30,2,0.06666666666666667,0.018476635327693364,0.2132381772107209,0.24944382578492943,rollout_trajectory_BabyAIUnlockv0_20260331_181848_summary.json,trajectory_BabyAIUnlockv0,53.0,23.0,78.2,8.979235305228762,1,30,v1_streak5_osc6,0.9333333333333333,28,0.52023988005997,347,667,v1_go_forward_grid_pos_unchanged,,,,,,,,,,,,,,,,,,,,,,,,
babyai,Unlock,gpt-4o-mini,openai,trajectory,,,BabyAI-Unlock-v0,trajectory,0,30,0,0,0.0,0.113517091390478,0.0,rollout_trajectory_BabyAIUnlockv0_20260401_031430_summary.json,trajectory_BabyAIUnlockv0,,,80.0,0.0,0.9,27,v1_streak5_osc6,1,30,0.8136986301369863,297,365,v1_go_forward_grid_pos_unchanged,,,,,,,,,,,,,,,,,,,,,,,,
babyai,Unlock,gemini-2.5-flash-lite,gemini,trajectory,,,BabyAI-Unlock-v0,trajectory,0,30,3,0.1,0.034599259959716175,0.2562144131526662,0.3,rollout_trajectory_BabyAIUnlockv0_20260401_102257_summary.json,trajectory_BabyAIUnlockv0,34.0,22.464787260658994,75.4,15.52116834090355,0.6666666666666666,20,v1_streak5_osc6,0.9,27,0.3874425727411945,253,653,v1_go_forward_grid_pos_unchanged,,,,,,,,,,,,,,,,,,,,,,,,
textworld,easy,gpt-4o-mini,openai,baseline,easy,10,tw-treasure_hunter-L10-easy,baseline,0,30,7,0.23333333333333334,0.11792239210501232,0.40928672330324267,0.42295258468165065,rollout_tw_easy_baseline_20260401_225007_summary.json,,4.428571428571429,0.9035079029052513,59.96666666666667,33.229989801717096,0.7333333333333333,22,v1_streak5_osc6,0.7333333333333333,22,,0,0,v1_go_forward_grid_pos_unchanged,Not applicable: TextWorld has no grid movement.,,,,,,,,,,,,,,,,,,,,,,,
textworld,easy,gemini-2.5-flash-lite,gemini,baseline,easy,10,tw-treasure_hunter-L10-easy,baseline,0,30,9,0.3,0.16664562643958933,0.4787612101166018,0.458257569495584,rollout_tw_easy_baseline_20260401_232719_summary.json,,22.333333333333332,26.666666666666668,62.7,30.19398394824152,0.8,24,v1_streak5_osc6,0.7,21,,0,0,v1_go_forward_grid_pos_unchanged,Not applicable: TextWorld has no grid movement.,,,,,,,,,,,,,,,,,,,,,,,
textworld,easy,deepseek-chat,deepseek,baseline,easy,10,tw-treasure_hunter-L10-easy,baseline,0,30,13,0.43333333333333335,0.2737723743061511,0.6080299045459127,0.49553562491061687,rollout_tw_easy_baseline_20260401_233647_summary.json,,10.461538461538462,10.18758961916511,47.3,35.619423540160405,0.6666666666666666,20,v1_streak5_osc6,0.5333333333333333,16,,0,0,v1_go_forward_grid_pos_unchanged,Not applicable: TextWorld has no grid movement.,,,,,,,,,,,,,,,,,,,,,,,
textworld,easy,gpt-4o-mini,openai,enriched,easy,10,tw-treasure_hunter-L10-easy,enriched,0,30,17,0.5666666666666667,0.3919700954540873,0.7262276256938489,0.49553562491061687,rollout_tw_easy_enriched_20260401_234958_summary.json,,13.0,11.140809982170216,37.233333333333334,33.630029570145915,0.4666666666666667,14,v1_streak5_osc6,0.36666666666666664,11,,0,0,v1_go_forward_grid_pos_unchanged,Not applicable: TextWorld has no grid movement.,,,,,,,,,,,,,,,,,,,,,,,
textworld,easy,gemini-2.5-flash-lite,gemini,enriched,easy,10,tw-treasure_hunter-L10-easy,enriched,0,30,22,0.7333333333333333,0.5555169795568831,0.8581750444608938,0.4422166387140533,rollout_tw_easy_enriched_20260402_000102_summary.json,,7.454545454545454,7.234558934393071,19.533333333333335,27.58107241489271,0.26666666666666666,8,v1_streak5_osc6,0.13333333333333333,4,,0,0,v1_go_forward_grid_pos_unchanged,Not applicable: TextWorld has no grid movement.,,,,,,,,,,,,,,,,,,,,,,,
textworld,easy,deepseek-chat,deepseek,enriched,easy,10,tw-treasure_hunter-L10-easy,enriched,0,30,25,0.8333333333333334,0.6643529481431982,0.9266356575964831,0.37267799624996495,rollout_tw_easy_enriched_20260402_005706_summary.json,,10.2,11.249888888340186,19.266666666666666,25.972977410292327,0.3,9,v1_streak5_osc6,0.13333333333333333,4,,0,0,v1_go_forward_grid_pos_unchanged,Not applicable: TextWorld has no grid movement.,,,,,,,,,,,,,,,,,,,,,,,
textworld,easy,gemini-2.5-flash-lite,gemini,enriched_history,easy,10,tw-treasure_hunter-L10-easy,enriched_history,0,30,26,0.8666666666666667,0.7031831605558306,0.9469043057578189,0.339934634239519,rollout_tw_easy_enriched_history_20260402_000958_summary.json,,5.0,0.0,4.766666666666667,0.6155395104206463,0,0,v1_streak5_osc6,0,0,,0,0,v1_go_forward_grid_pos_unchanged,Not applicable: TextWorld has no grid movement.,,,,,,,,,,,,,,,,,,,,,,,
textworld,easy,gpt-4o-mini,openai,enriched_history,easy,10,tw-treasure_hunter-L10-easy,enriched_history,0,30,24,0.8,0.6269395261897256,0.9049502189759876,0.4,rollout_tw_easy_enriched_history_20260402_001328_summary.json,,5.333333333333333,1.4043582955293932,7.566666666666666,13.524504509305405,0,0,v1_streak5_osc6,0.03333333333333333,1,,0,0,v1_go_forward_grid_pos_unchanged,Not applicable: TextWorld has no grid movement.,,,,,,,,,,,,,,,,,,,,,,,
textworld,easy,deepseek-chat,deepseek,enriched_history,easy,10,tw-treasure_hunter-L10-easy,enriched_history,0,30,29,0.9666666666666667,0.8332924860304112,0.9940915620051425,0.17950549357115014,rollout_tw_easy_enriched_history_20260402_012005_summary.json,,5.0,0.0,4.966666666666667,0.17950549357115014,0,0,v1_streak5_osc6,0,0,,0,0,v1_go_forward_grid_pos_unchanged,Not applicable: TextWorld has no grid movement.,,,,,,,,,,,,,,,,,,,,,,,
textworld,easy,gemini-2.5-flash-lite,gemini,fade_enriched_history,easy,10,tw-treasure_hunter-L10-easy,fade_enriched_history,0,30,27,0.9,0.7437855868473339,0.9654007400402839,0.3,rollout_tw_easy_fade_enriched_history_20260402_001211_summary.json,,5.0,0.0,4.8,0.6,0,0,v1_streak5_osc6,0,0,,0,0,v1_go_forward_grid_pos_unchanged,Not applicable: TextWorld has no grid movement.,1.0,0.0,0.0,0.0,0.0,0.0,0.0,0.0,0.0,0.0,0.0,0.0,0.0,0.0,0.0,0.0,0.0,0.0,0.0,0.0,0.0,0.0,30
textworld,easy,gpt-4o-mini,openai,fade_enriched_history,easy,10,tw-treasure_hunter-L10-easy,fade_enriched_history,0,30,28,0.9333333333333333,0.7867618227892791,0.9815233646723066,0.24944382578492943,rollout_tw_easy_fade_enriched_history_20260402_001826_summary.json,,5.785714285714286,3.1775680599336034,5.633333333333334,3.1249888888691357,0,0,v1_streak5_osc6,0,0,,0,0,v1_go_forward_grid_pos_unchanged,Not applicable: TextWorld has no grid movement.,1.3333333333333333,1.2736648783028532,0.0,0.0,0.03333333333333333,0.17950549357115014,0.3,1.6155494421403511,0.0,0.0,0.0,0.0,0.0,0.0,0.16666666666666666,0.8975274678557507,0.3,1.6155494421403511,0.3333333333333333,1.7950549357115013,0.03333333333333333,0.17950549357115014,30
textworld,easy,deepseek-chat,deepseek,fade_enriched_history,easy,10,tw-treasure_hunter-L10-easy,fade_enriched_history,0,30,30,1,0.8864829086095221,1.0,0.0,rollout_tw_easy_fade_enriched_history_20260402_012547_summary.json,,5.0,0.0,5.0,0.0,0,0,v1_streak5_osc6,0,0,,0,0,v1_go_forward_grid_pos_unchanged,Not applicable: TextWorld has no grid movement.,1.0,0.0,0.0,0.0,0.0,0.0,0.0,0.0,0.0,0.0,0.0,0.0,0.0,0.0,0.0,0.0,0.0,0.0,0.0,0.0,0.0,0.0,30
textworld,easy,gpt-4o-mini,openai,reflection,easy,10,tw-treasure_hunter-L10-easy,reflection,0,30,8,0.26666666666666666,0.14182495553910618,0.4444830204431169,0.4422166387140533,rollout_tw_easy_reflection_20260401_232227_summary.json,,7.5,6.837397165588672,58.03333333333333,33.75843927408704,0.7333333333333333,22,v1_streak5_osc6,0.7,21,,0,0,v1_go_forward_grid_pos_unchanged,Not applicable: TextWorld has no grid movement.,,,,,,,,,,,,,,,,,,,,,,,
textworld,easy,gemini-2.5-flash-lite,gemini,reflection,easy,10,tw-treasure_hunter-L10-easy,reflection,0,30,12,0.4,0.24590394326083403,0.5767994750172616,0.4898979485566356,rollout_tw_easy_reflection_20260401_234620_summary.json,,9.5,16.230116039839846,49.333333333333336,36.54525352977532,0.6,18,v1_streak5_osc6,0.5666666666666667,17,,0,0,v1_go_forward_grid_pos_unchanged,Not applicable: TextWorld has no grid movement.,,,,,,,,,,,,,,,,,,,,,,,
textworld,easy,deepseek-chat,deepseek,reflection,easy,10,tw-treasure_hunter-L10-easy,reflection,0,30,17,0.5666666666666667,0.3919700954540873,0.7262276256938489,0.49553562491061687,rollout_tw_easy_reflection_20260402_002020_summary.json,,14.411764705882353,16.25552873741337,40.733333333333334,34.31999740999731,0.5333333333333333,16,v1_streak5_osc6,0.4,12,,0,0,v1_go_forward_grid_pos_unchanged,Not applicable: TextWorld has no grid movement.,,,,,,,,,,,,,,,,,,,,,,,
textworld,easy,gpt-4o-mini,openai,trajectory,easy,10,tw-treasure_hunter-L10-easy,trajectory,0,30,26,0.8666666666666667,0.7031831605558306,0.9469043057578189,0.339934634239519,rollout_tw_easy_trajectory_20260401_231912_summary.json,,5.038461538461538,0.19230769230769232,4.833333333333333,0.5821416398857661,0,0,v1_streak5_osc6,0,0,,0,0,v1_go_forward_grid_pos_unchanged,Not applicable: TextWorld has no grid movement.,,,,,,,,,,,,,,,,,,,,,,,
textworld,easy,gemini-2.5-flash-lite,gemini,trajectory,easy,10,tw-treasure_hunter-L10-easy,trajectory,0,30,25,0.8333333333333334,0.6643529481431982,0.9266356575964831,0.37267799624996495,rollout_tw_easy_trajectory_20260401_234424_summary.json,,5.0,0.0,4.733333333333333,0.6289320754704403,0,0,v1_streak5_osc6,0,0,,0,0,v1_go_forward_grid_pos_unchanged,Not applicable: TextWorld has no grid movement.,,,,,,,,,,,,,,,,,,,,,,,
textworld,easy,deepseek-chat,deepseek,trajectory,easy,10,tw-treasure_hunter-L10-easy,trajectory,0,30,29,0.9666666666666667,0.8332924860304112,0.9940915620051425,0.17950549357115014,rollout_tw_easy_trajectory_20260402_001530_summary.json,,5.0,0.0,4.966666666666667,0.17950549357115014,0,0,v1_streak5_osc6,0,0,,0,0,v1_go_forward_grid_pos_unchanged,Not applicable: TextWorld has no grid movement.,,,,,,,,,,,,,,,,,,,,,,,
textworld,hard,gpt-4o-mini,openai,baseline,hard,20,tw-treasure_hunter-L20-hard,baseline,0,30,5,0.16666666666666666,0.07336434240351686,0.33564705185680177,0.37267799624996495,rollout_tw_hard_baseline_20260401_225014_summary.json,,13.6,18.74673304872078,66.33333333333333,28.45034660987845,0.7666666666666667,23,v1_streak5_osc6,0.8,24,,0,0,v1_go_forward_grid_pos_unchanged,Not applicable: TextWorld has no grid movement.,,,,,,,,,,,,,,,,,,,,,,,
textworld,hard,gemini-2.5-flash-lite,gemini,baseline,hard,20,tw-treasure_hunter-L20-hard,baseline,0,30,7,0.23333333333333334,0.11792239210501232,0.40928672330324267,0.42295258468165065,rollout_tw_hard_baseline_20260401_232731_summary.json,,23.0,22.665266063169998,66.7,26.47785238018119,0.8333333333333334,25,v1_streak5_osc6,0.7666666666666667,23,,0,0,v1_go_forward_grid_pos_unchanged,Not applicable: TextWorld has no grid movement.,,,,,,,,,,,,,,,,,,,,,,,
textworld,hard,deepseek-chat,deepseek,baseline,hard,20,tw-treasure_hunter-L20-hard,baseline,0,30,11,0.36666666666666664,0.2187370220401768,0.5448675356639505,0.4818944098266987,rollout_tw_hard_baseline_20260402_061350_summary.json,,19.09090909090909,19.639730351113858,57.666666666666664,31.669473559810804,0.6333333333333333,19,v1_streak5_osc6,0.6333333333333333,19,,0,0,v1_go_forward_grid_pos_unchanged,Not applicable: TextWorld has no grid movement.,,,,,,,,,,,,,,,,,,,,,,,
textworld,hard,gpt-4o-mini,openai,baseline,hard,30,tw-treasure_hunter-L30-hard,baseline,0,30,5,0.16666666666666666,0.07336434240351686,0.33564705185680177,0.37267799624996495,rollout_tw_hard_baseline_20260402_114241_summary.json,,4.4,2.8,60.46666666666667,32.49588008074596,0.6,18,v1_streak5_osc6,0.7333333333333333,22,,0,0,v1_go_forward_grid_pos_unchanged,Not applicable: TextWorld has no grid movement.,,,,,,,,,,,,,,,,,,,,,,,
textworld,hard,gemini-2.5-flash-lite,gemini,baseline,hard,30,tw-treasure_hunter-L30-hard,baseline,0,30,6,0.2,0.09504978102401235,0.37306047381027446,0.4,rollout_tw_hard_baseline_20260402_181420_summary.json,,5.166666666666667,4.9805175991613115,57.9,33.85001230920505,0.6,18,v1_streak5_osc6,0.7,21,,0,0,v1_go_forward_grid_pos_unchanged,Not applicable: TextWorld has no grid movement.,,,,,,,,,,,,,,,,,,,,,,,
textworld,hard,deepseek-chat,deepseek,baseline,hard,30,tw-treasure_hunter-L30-hard,baseline,0,30,10,0.3333333333333333,0.19230295526846194,0.5122027418616973,0.4714045207910317,rollout_tw_hard_baseline_20260403_152521_summary.json,,8.9,7.6609398901179215,54.266666666666666,34.15350966185206,0.5333333333333333,16,v1_streak5_osc6,0.6333333333333333,19,,0,0,v1_go_forward_grid_pos_unchanged,Not applicable: TextWorld has no grid movement.,,,,,,,,,,,,,,,,,,,,,,,
textworld,hard,gpt-4o-mini,openai,enriched,hard,20,tw-treasure_hunter-L20-hard,enriched,0,30,9,0.3,0.16664562643958933,0.4787612101166018,0.458257569495584,rollout_tw_hard_enriched_20260402_000833_summary.json,,14.222222222222221,17.20321531818836,57.666666666666664,33.02759788755795,0.5,15,v1_streak5_osc6,0.6666666666666666,20,,0,0,v1_go_forward_grid_pos_unchanged,Not applicable: TextWorld has no grid movement.,,,,,,,,,,,,,,,,,,,,,,,
textworld,hard,gemini-2.5-flash-lite,gemini,enriched,hard,20,tw-treasure_hunter-L20-hard,enriched,0,30,20,0.6666666666666666,0.48779725813830266,0.807697044731538,0.4714045207910317,rollout_tw_hard_enriched_20260402_001437_summary.json,,21.95,20.643340330479464,38.13333333333333,31.065236018560825,0.5666666666666667,17,v1_streak5_osc6,0.26666666666666666,8,,0,0,v1_go_forward_grid_pos_unchanged,Not applicable: TextWorld has no grid movement.,,,,,,,,,,,,,,,,,,,,,,,
textworld,hard,deepseek-chat,deepseek,enriched,hard,20,tw-treasure_hunter-L20-hard,enriched,0,30,20,0.6666666666666666,0.48779725813830266,0.807697044731538,0.4714045207910317,rollout_tw_hard_enriched_20260402_085357_summary.json,,12.9,14.838800490605701,32.9,33.136435133148126,0.3333333333333333,10,v1_streak5_osc6,0.3,9,,0,0,v1_go_forward_grid_pos_unchanged,Not applicable: TextWorld has no grid movement.,,,,,,,,,,,,,,,,,,,,,,,
textworld,hard,gpt-4o-mini,openai,enriched,hard,30,tw-treasure_hunter-L30-hard,enriched,0,30,7,0.23333333333333334,0.11792239210501232,0.40928672330324267,0.42295258468165065,rollout_tw_hard_enriched_20260402_140958_summary.json,,9.428571428571429,10.634944325962714,55.43333333333333,33.00170029289737,0.4666666666666667,14,v1_streak5_osc6,0.6333333333333333,19,,0,0,v1_go_forward_grid_pos_unchanged,Not applicable: TextWorld has no grid movement.,,,,,,,,,,,,,,,,,,,,,,,
textworld,hard,gemini-2.5-flash-lite,gemini,enriched,hard,30,tw-treasure_hunter-L30-hard,enriched,0,30,10,0.3333333333333333,0.19230295526846194,0.5122027418616973,0.4714045207910317,rollout_tw_hard_enriched_20260402_195117_summary.json,,24.6,28.583911558777256,53.266666666666666,33.302585818855306,0.6666666666666666,20,v1_streak5_osc6,0.5333333333333333,16,,0,0,v1_go_forward_grid_pos_unchanged,Not applicable: TextWorld has no grid movement.,,,,,,,,,,,,,,,,,,,,,,,
textworld,hard,deepseek-chat,deepseek,enriched,hard,30,tw-treasure_hunter-L30-hard,enriched,0,30,15,0.5,0.33153851227173764,0.6684614877282624,0.5,rollout_tw_hard_enriched_20260403_183416_summary.json,,16.0,18.162231874598085,45.6,34.67525534633211,0.4666666666666667,14,v1_streak5_osc6,0.4666666666666667,14,,0,0,v1_go_forward_grid_pos_unchanged,Not applicable: TextWorld has no grid movement.,,,,,,,,,,,,,,,,,,,,,,,
textworld,hard,gemini-2.5-flash-lite,gemini,enriched_history,hard,20,tw-treasure_hunter-L20-hard,enriched_history,0,30,28,0.9333333333333333,0.7867618227892791,0.9815233646723066,0.24944382578492943,rollout_tw_hard_enriched_history_20260402_003038_summary.json,,8.892857142857142,3.4983596739276632,9.233333333333333,3.693989111456009,0,0,v1_streak5_osc6,0,0,,0,0,v1_go_forward_grid_pos_unchanged,Not applicable: TextWorld has no grid movement.,,,,,,,,,,,,,,,,,,,,,,,
textworld,hard,gpt-4o-mini,openai,enriched_history,hard,20,tw-treasure_hunter-L20-hard,enriched_history,0,30,19,0.6333333333333333,0.45513246433604937,0.7812629779598231,0.4818944098266987,rollout_tw_hard_enriched_history_20260402_004452_summary.json,,7.631578947368421,3.421457465925265,13.766666666666667,19.1775621205848,0.06666666666666667,2,v1_streak5_osc6,0.06666666666666667,2,,0,0,v1_go_forward_grid_pos_unchanged,Not applicable: TextWorld has no grid movement.,,,,,,,,,,,,,,,,,,,,,,,
textworld,hard,deepseek-chat,deepseek,enriched_history,hard,20,tw-treasure_hunter-L20-hard,enriched_history,0,30,29,0.9666666666666667,0.8332924860304112,0.9940915620051425,0.17950549357115014,rollout_tw_hard_enriched_history_20260402_095305_summary.json,,9.206896551724139,5.067675181769165,9.066666666666666,5.039400317057135,0,0,v1_streak5_osc6,0,0,,0,0,v1_go_forward_grid_pos_unchanged,Not applicable: TextWorld has no grid movement.,,,,,,,,,,,,,,,,,,,,,,,
textworld,hard,gpt-4o-mini,openai,enriched_history,hard,30,tw-treasure_hunter-L30-hard,enriched_history,0,30,13,0.43333333333333335,0.2737723743061511,0.6080299045459127,0.49553562491061687,rollout_tw_hard_enriched_history_20260402_150312_summary.json,,15.384615384615385,16.92762176734301,37.2,32.17390246768334,0.16666666666666666,5,v1_streak5_osc6,0.26666666666666666,8,,0,0,v1_go_forward_grid_pos_unchanged,Not applicable: TextWorld has no grid movement.,,,,,,,,,,,,,,,,,,,,,,,
textworld,hard,gemini-2.5-flash-lite,gemini,enriched_history,hard,30,tw-treasure_hunter-L30-hard,enriched_history,0,30,23,0.7666666666666667,0.5907132766967574,0.8820776078949878,0.42295258468165065,rollout_tw_hard_enriched_history_20260402_203124_summary.json,,17.608695652173914,13.04086930429564,27.633333333333333,26.123403725820687,0.2,6,v1_streak5_osc6,0.16666666666666666,5,,0,0,v1_go_forward_grid_pos_unchanged,Not applicable: TextWorld has no grid movement.,,,,,,,,,,,,,,,,,,,,,,,
textworld,hard,deepseek-chat,deepseek,enriched_history,hard,30,tw-treasure_hunter-L30-hard,enriched_history,0,30,28,0.9333333333333333,0.7867618227892791,0.9815233646723066,0.24944382578492943,rollout_tw_hard_enriched_history_20260403_171323_summary.json,,14.821428571428571,7.0763871503784195,16.7,13.689777207829206,0.03333333333333333,1,v1_streak5_osc6,0.03333333333333333,1,,0,0,v1_go_forward_grid_pos_unchanged,Not applicable: TextWorld has no grid movement.,,,,,,,,,,,,,,,,,,,,,,,
textworld,hard,gemini-2.5-flash-lite,gemini,fade_enriched_history,hard,20,tw-treasure_hunter-L20-hard,fade_enriched_history,0,30,29,0.9666666666666667,0.8332924860304112,0.9940915620051425,0.17950549357115014,rollout_tw_hard_fade_enriched_history_20260402_003627_summary.json,,8.758620689655173,3.234034231087822,9.133333333333333,3.76592913133296,0,0,v1_streak5_osc6,0,0,,0,0,v1_go_forward_grid_pos_unchanged,Not applicable: TextWorld has no grid movement.,2.6333333333333333,1.3034143197344767,0.0,0.0,0.0,0.0,0.26666666666666666,0.4422166387140533,0.0,0.0,0.1,0.3,0.0,0.0,0.7,1.5088627063675035,0.03333333333333333,0.17950549357115014,0.23333333333333334,0.42295258468165065,0.0,0.0,30
textworld,hard,gpt-4o-mini,openai,fade_enriched_history,hard,20,tw-treasure_hunter-L20-hard,fade_enriched_history,0,30,21,0.7,0.5212387898833981,0.8333543735604105,0.458257569495584,rollout_tw_hard_fade_enriched_history_20260402_010110_summary.json,,10.80952380952381,9.261384487774249,15.266666666666667,19.18842243530081,0.03333333333333333,1,v1_streak5_osc6,0.06666666666666667,2,,0,0,v1_go_forward_grid_pos_unchanged,Not applicable: TextWorld has no grid movement.,4.833333333333333,6.782739531749362,0.23333333333333334,0.7156970184527963,0.9333333333333333,2.9544693074880453,7.0,22.794736234490628,2.566666666666667,10.131414291971065,1.2666666666666666,5.415615282577677,0.9333333333333333,3.1404175235503673,5.666666666666667,17.54106293497885,2.933333333333333,10.548090927851458,1.8666666666666667,6.216823054333209,1.1,3.726929030716845,30
textworld,hard,deepseek-chat,deepseek,fade_enriched_history,hard,20,tw-treasure_hunter-L20-hard,fade_enriched_history,0,30,29,0.9666666666666667,0.8332924860304112,0.9940915620051425,0.17950549357115014,rollout_tw_hard_fade_enriched_history_20260402_101210_summary.json,,10.413793103448276,9.189638998497768,10.233333333333333,9.087292715043843,0,0,v1_streak5_osc6,0,0,,0,0,v1_go_forward_grid_pos_unchanged,Not applicable: TextWorld has no grid movement.,3.2333333333333334,4.379370832538492,0.1,0.39581140290126393,0.3,1.4410644214144859,2.9,10.5240993280502,0.06666666666666667,0.3590109871423003,0.6,2.7030846576951055,0.03333333333333333,0.17950549357115014,2.8,9.453041838477178,0.1,0.3,1.5333333333333334,7.154175160158033,0.3,1.4410644214144859,30
textworld,hard,gpt-4o-mini,openai,fade_enriched_history,hard,30,tw-treasure_hunter-L30-hard,fade_enriched_history,0,30,11,0.36666666666666664,0.2187370220401768,0.5448675356639505,0.4818944098266987,rollout_tw_hard_fade_enriched_history_20260402_161853_summary.json,,11.090909090909092,10.457311886944295,41.13333333333333,32.77675327965776,0.3,9,v1_streak5_osc6,0.36666666666666664,11,,0,0,v1_go_forward_grid_pos_unchanged,Not applicable: TextWorld has no grid movement.,12.333333333333334,9.91407529166936,0.3333333333333333,0.7453559924999299,4.766666666666667,6.146453358554743,38.53333333333333,66.14767989548504,12.933333333333334,19.918054344962734,4.333333333333333,6.128258770283412,5.066666666666666,6.228607834464741,27.2,56.647683094721536,11.733333333333333,15.028713259032598,6.533333333333333,9.411812908373298,6.1,7.947116877627173,30
textworld,hard,gemini-2.5-flash-lite,gemini,fade_enriched_history,hard,30,tw-treasure_hunter-L30-hard,fade_enriched_history,0,30,25,0.8333333333333334,0.6643529481431982,0.9266356575964831,0.37267799624996495,rollout_tw_hard_fade_enriched_history_20260402_211459_summary.json,,16.44,8.913271004519048,20.633333333333333,17.96753244667231,0.13333333333333333,4,v1_streak5_osc6,0.06666666666666667,2,,0,0,v1_go_forward_grid_pos_unchanged,Not applicable: TextWorld has no grid movement.,6.533333333333333,5.548172872416848,0.3,0.7371114795831993,1.2,3.2186953878862163,8.233333333333333,24.558343230401807,0.6,3.2310988842807022,0.36666666666666664,0.8359957469322968,0.8333333333333334,3.0009257830802074,10.4,27.34910114306014,0.7666666666666667,2.5519056060564274,1.6666666666666667,5.268354160034759,1.5,4.3262763049378465,30
textworld,hard,deepseek-chat,deepseek,fade_enriched_history,hard,30,tw-treasure_hunter-L30-hard,fade_enriched_history,0,30,26,0.8666666666666667,0.7031831605558306,0.9469043057578189,0.339934634239519,rollout_tw_hard_fade_enriched_history_20260403_175606_summary.json,,15.23076923076923,8.75876568537833,20.2,18.75882014768875,0,0,v1_streak5_osc6,0.06666666666666667,2,,0,0,v1_go_forward_grid_pos_unchanged,Not applicable: TextWorld has no grid movement.,7.166666666666667,7.080881928749334,0.1,0.39581140290126393,1.8666666666666667,4.047495796442811,13.966666666666667,31.119643671196208,0.7666666666666667,3.2831218205983292,0.5666666666666667,1.1160446028522137,1.1,3.2388269481403293,8.033333333333333,17.702134209059526,0.7333333333333333,1.412641340027806,8.933333333333334,18.772201670436942,2.2333333333333334,5.5117047171350615,30
textworld,hard,gpt-4o-mini,openai,reflection,hard,20,tw-treasure_hunter-L20-hard,reflection,0,30,7,0.23333333333333334,0.11792239210501232,0.40928672330324267,0.42295258468165065,rollout_tw_hard_reflection_20260401_233529_summary.json,,15.0,26.61363774995283,62.233333333333334,32.221818005127446,0.7,21,v1_streak5_osc6,0.7333333333333333,22,,0,0,v1_go_forward_grid_pos_unchanged,Not applicable: TextWorld has no grid movement.,,,,,,,,,,,,,,,,,,,,,,,
textworld,hard,gemini-2.5-flash-lite,gemini,reflection,hard,20,tw-treasure_hunter-L20-hard,reflection,0,30,8,0.26666666666666666,0.14182495553910618,0.4444830204431169,0.4422166387140533,rollout_tw_hard_reflection_20260401_235353_summary.json,,9.0,9.962429422585638,58.46666666666667,33.31439461987699,0.7,21,v1_streak5_osc6,0.7,21,,0,0,v1_go_forward_grid_pos_unchanged,Not applicable: TextWorld has no grid movement.,,,,,,,,,,,,,,,,,,,,,,,
textworld,hard,deepseek-chat,deepseek,reflection,hard,20,tw-treasure_hunter-L20-hard,reflection,0,30,10,0.3333333333333333,0.19230295526846194,0.5122027418616973,0.4714045207910317,rollout_tw_hard_reflection_20260402_073352_summary.json,,25.4,27.547050658827345,59.36666666666667,31.449942589596073,0.6666666666666666,20,v1_streak5_osc6,0.6,18,,0,0,v1_go_forward_grid_pos_unchanged,Not applicable: TextWorld has no grid movement.,,,,,,,,,,,,,,,,,,,,,,,
textworld,hard,gpt-4o-mini,openai,reflection,hard,30,tw-treasure_hunter-L30-hard,reflection,0,30,6,0.2,0.09504978102401235,0.37306047381027446,0.4,rollout_tw_hard_reflection_20260402_132222_summary.json,,3.0,1.1547005383792515,59.7,33.682982844952036,0.5333333333333333,16,v1_streak5_osc6,0.7333333333333333,22,,0,0,v1_go_forward_grid_pos_unchanged,Not applicable: TextWorld has no grid movement.,,,,,,,,,,,,,,,,,,,,,,,
textworld,hard,gemini-2.5-flash-lite,gemini,reflection,hard,30,tw-treasure_hunter-L30-hard,reflection,0,30,8,0.26666666666666666,0.14182495553910618,0.4444830204431169,0.4422166387140533,rollout_tw_hard_reflection_20260402_191824_summary.json,,9.125,10.821708506515964,54.5,34.12794553832192,0.5666666666666667,17,v1_streak5_osc6,0.6333333333333333,19,,0,0,v1_go_forward_grid_pos_unchanged,Not applicable: TextWorld has no grid movement.,,,,,,,,,,,,,,,,,,,,,,,
textworld,hard,deepseek-chat,deepseek,reflection,hard,30,tw-treasure_hunter-L30-hard,reflection,0,30,9,0.3,0.16664562643958933,0.4787612101166018,0.458257569495584,rollout_tw_hard_reflection_20260403_171304_summary.json,,7.0,5.055250296034367,55.766666666666666,34.38670608760827,0.5666666666666667,17,v1_streak5_osc6,0.6666666666666666,20,,0,0,v1_go_forward_grid_pos_unchanged,Not applicable: TextWorld has no grid movement.,,,,,,,,,,,,,,,,,,,,,,,
textworld,hard,gpt-4o-mini,openai,trajectory,hard,20,tw-treasure_hunter-L20-hard,trajectory,0,30,20,0.6666666666666666,0.48779725813830266,0.807697044731538,0.4714045207910317,rollout_tw_hard_trajectory_20260401_232502_summary.json,,9.05,6.184456322103019,12.233333333333333,14.305437971469296,0,0,v1_streak5_osc6,0.03333333333333333,1,,0,0,v1_go_forward_grid_pos_unchanged,Not applicable: TextWorld has no grid movement.,,,,,,,,,,,,,,,,,,,,,,,
textworld,hard,gemini-2.5-flash-lite,gemini,trajectory,hard,20,tw-treasure_hunter-L20-hard,trajectory,0,30,26,0.8666666666666667,0.7031831605558306,0.9469043057578189,0.339934634239519,rollout_tw_hard_trajectory_20260401_234756_summary.json,,9.76923076923077,5.706323700730164,11.8,13.77049986989095,0,0,v1_streak5_osc6,0.03333333333333333,1,,0,0,v1_go_forward_grid_pos_unchanged,Not applicable: TextWorld has no grid movement.,,,,,,,,,,,,,,,,,,,,,,,
textworld,hard,deepseek-chat,deepseek,trajectory,hard,20,tw-treasure_hunter-L20-hard,trajectory,0,30,29,0.9666666666666667,0.8332924860304112,0.9940915620051425,0.17950549357115014,rollout_tw_hard_trajectory_20260402_072046_summary.json,,8.344827586206897,2.89203259948438,8.233333333333333,2.9061238025169462,0,0,v1_streak5_osc6,0,0,,0,0,v1_go_forward_grid_pos_unchanged,Not applicable: TextWorld has no grid movement.,,,,,,,,,,,,,,,,,,,,,,,
textworld,hard,gpt-4o-mini,openai,trajectory,hard,30,tw-treasure_hunter-L30-hard,trajectory,0,30,14,0.4666666666666667,0.30232127224128236,0.6385798671847496,0.49888765156985887,rollout_tw_hard_trajectory_20260402_122701_summary.json,,12.571428571428571,10.648368659190984,33.63333333333333,31.660157225692288,0.23333333333333334,7,v1_streak5_osc6,0.3,9,,0,0,v1_go_forward_grid_pos_unchanged,Not applicable: TextWorld has no grid movement.,,,,,,,,,,,,,,,,,,,,,,,
textworld,hard,gemini-2.5-flash-lite,gemini,trajectory,hard,30,tw-treasure_hunter-L30-hard,trajectory,0,30,23,0.7666666666666667,0.5907132766967574,0.8820776078949878,0.42295258468165065,rollout_tw_hard_trajectory_20260402_184725_summary.json,,18.434782608695652,10.89804963387056,22.066666666666666,17.345380428869877,0.1,3,v1_streak5_osc6,0.03333333333333333,1,,0,0,v1_go_forward_grid_pos_unchanged,Not applicable: TextWorld has no grid movement.,,,,,,,,,,,,,,,,,,,,,,,
textworld,hard,deepseek-chat,deepseek,trajectory,hard,30,tw-treasure_hunter-L30-hard,trajectory,0,30,29,0.9666666666666667,0.8332924860304112,0.9940915620051425,0.17950549357115014,rollout_tw_hard_trajectory_20260403_163848_summary.json,,15.068965517241379,7.11448757203244,14.766666666666667,7.181844393252258,0.03333333333333333,1,v1_streak5_osc6,0,0,,0,0,v1_go_forward_grid_pos_unchanged,Not applicable: TextWorld has no grid movement.,,,,,,,,,,,,,,,,,,,,,,,
textworld,medium,gpt-4o-mini,openai,baseline,medium,15,tw-treasure_hunter-L15-medium,baseline,0,30,5,0.16666666666666666,0.07336434240351686,0.33564705185680177,0.37267799624996495,rollout_tw_medium_baseline_20260401_225011_summary.json,,4.8,2.6381811916545836,67.46666666666667,28.046073205035714,0.5666666666666667,17,v1_streak5_osc6,0.8333333333333334,25,,0,0,v1_go_forward_grid_pos_unchanged,Not applicable: TextWorld has no grid movement.,,,,,,,,,,,,,,,,,,,,,,,
textworld,medium,gemini-2.5-flash-lite,gemini,baseline,medium,15,tw-treasure_hunter-L15-medium,baseline,0,30,3,0.1,0.034599259959716175,0.2562144131526662,0.3,rollout_tw_medium_baseline_20260401_232728_summary.json,,6.666666666666667,4.189935029992179,70.5,24.29231702960149,0.8,24,v1_streak5_osc6,0.8666666666666667,26,,0,0,v1_go_forward_grid_pos_unchanged,Not applicable: TextWorld has no grid movement.,,,,,,,,,,,,,,,,,,,,,,,
textworld,medium,deepseek-chat,deepseek,baseline,medium,15,tw-treasure_hunter-L15-medium,baseline,0,30,8,0.26666666666666666,0.14182495553910618,0.4444830204431169,0.4422166387140533,rollout_tw_medium_baseline_20260402_030454_summary.json,,13.0,19.742087022399634,62.13333333333333,31.333404255238886,0.6333333333333333,19,v1_streak5_osc6,0.7333333333333333,22,,0,0,v1_go_forward_grid_pos_unchanged,Not applicable: TextWorld has no grid movement.,,,,,,,,,,,,,,,,,,,,,,,
textworld,medium,gpt-4o-mini,openai,enriched,medium,15,tw-treasure_hunter-L15-medium,enriched,0,30,17,0.5666666666666667,0.3919700954540873,0.7262276256938489,0.49553562491061687,rollout_tw_medium_enriched_20260402_000132_summary.json,,12.882352941176471,14.216321824873468,41.96666666666667,34.93850152609423,0.3,9,v1_streak5_osc6,0.43333333333333335,13,,0,0,v1_go_forward_grid_pos_unchanged,Not applicable: TextWorld has no grid movement.,,,,,,,,,,,,,,,,,,,,,,,
textworld,medium,gemini-2.5-flash-lite,gemini,enriched,medium,15,tw-treasure_hunter-L15-medium,enriched,0,30,19,0.6333333333333333,0.45513246433604937,0.7812629779598231,0.4818944098266987,rollout_tw_medium_enriched_20260402_001024_summary.json,,14.526315789473685,12.579718100149318,34.0,31.27832050052134,0.5,15,v1_streak5_osc6,0.26666666666666666,8,,0,0,v1_go_forward_grid_pos_unchanged,Not applicable: TextWorld has no grid movement.,,,,,,,,,,,,,,,,,,,,,,,
textworld,medium,deepseek-chat,deepseek,enriched,medium,15,tw-treasure_hunter-L15-medium,enriched,0,30,25,0.8333333333333334,0.6643529481431982,0.9266356575964831,0.37267799624996495,rollout_tw_medium_enriched_20260402_052429_summary.json,,9.0,5.706137047074842,20.833333333333332,26.96798513464108,0.2,6,v1_streak5_osc6,0.16666666666666666,5,,0,0,v1_go_forward_grid_pos_unchanged,Not applicable: TextWorld has no grid movement.,,,,,,,,,,,,,,,,,,,,,,,
textworld,medium,gpt-4o-mini,openai,enriched_history,medium,15,tw-treasure_hunter-L15-medium,enriched_history,0,30,30,1,0.8864829086095221,1.0,0.0,rollout_tw_medium_enriched_history_20260402_002823_summary.json,,8.166666666666666,10.48835332907676,8.166666666666666,10.48835332907676,0,0,v1_streak5_osc6,0,0,,0,0,v1_go_forward_grid_pos_unchanged,Not applicable: TextWorld has no grid movement.,,,,,,,,,,,,,,,,,,,,,,,
textworld,medium,gemini-2.5-flash-lite,gemini,enriched_history,medium,15,tw-treasure_hunter-L15-medium,enriched_history,0,30,28,0.9333333333333333,0.7867618227892791,0.9815233646723066,0.24944382578492943,rollout_tw_medium_enriched_history_20260402_003038_summary.json,,8.892857142857142,3.4983596739276632,9.033333333333333,3.693989111456009,0,0,v1_streak5_osc6,0,0,,0,0,v1_go_forward_grid_pos_unchanged,Not applicable: TextWorld has no grid movement.,,,,,,,,,,,,,,,,,,,,,,,
textworld,medium,deepseek-chat,deepseek,enriched_history,medium,15,tw-treasure_hunter-L15-medium,enriched_history,0,30,30,1,0.8864829086095221,1.0,0.0,rollout_tw_medium_enriched_history_20260402_055416_summary.json,,5.833333333333333,0.8975274678557507,5.833333333333333,0.8975274678557507,0,0,v1_streak5_osc6,0,0,,0,0,v1_go_forward_grid_pos_unchanged,Not applicable: TextWorld has no grid movement.,,,,,,,,,,,,,,,,,,,,,,,
textworld,medium,gemini-2.5-flash-lite,gemini,fade_enriched_history,medium,15,tw-treasure_hunter-L15-medium,fade_enriched_history,0,30,29,0.9666666666666667,0.8332924860304112,0.9940915620051425,0.17950549357115014,rollout_tw_medium_fade_enriched_history_20260402_003110_summary.json,,6.275862068965517,1.3619598384918274,8.733333333333333,13.301461907959172,0.03333333333333333,1,v1_streak5_osc6,0.03333333333333333,1,,0,0,v1_go_forward_grid_pos_unchanged,Not applicable: TextWorld has no grid movement.,2.466666666666667,2.729265265394496,0.03333333333333333,0.17950549357115014,0.26666666666666666,1.4360439485692011,3.4,18.124752871878464,0.13333333333333333,0.7180219742846006,0.06666666666666667,0.3590109871423003,0.5333333333333333,2.8720878971384023,3.033333333333333,15.226037640247124,0.13333333333333333,0.7180219742846006,1.4666666666666666,7.714632561279608,0.4666666666666667,2.513076909996102,30
textworld,medium,gpt-4o-mini,openai,fade_enriched_history,medium,15,tw-treasure_hunter-L15-medium,fade_enriched_history,0,30,28,0.9333333333333333,0.7867618227892791,0.9815233646723066,0.24944382578492943,rollout_tw_medium_fade_enriched_history_20260402_003448_summary.json,,7.285714285714286,4.390388388751232,11.466666666666667,16.412867580719166,0.03333333333333333,1,v1_streak5_osc6,0.03333333333333333,1,,0,0,v1_go_forward_grid_pos_unchanged,Not applicable: TextWorld has no grid movement.,4.166666666666667,7.000396814149577,0.06666666666666667,0.24944382578492943,0.6666666666666666,2.3851391759997758,3.2666666666666666,11.598658926310787,1.8,6.973282345256548,0.5333333333333333,2.348521993841138,0.7,2.7706798203088474,3.6333333333333333,12.942136179506415,1.2666666666666666,4.6255330023204415,0.3,1.4410644214144859,0.6666666666666666,2.3851391759997758,30
textworld,medium,deepseek-chat,deepseek,fade_enriched_history,medium,15,tw-treasure_hunter-L15-medium,fade_enriched_history,0,30,30,1,0.8864829086095221,1.0,0.0,rollout_tw_medium_fade_enriched_history_20260402_060351_summary.json,,5.833333333333333,0.8975274678557507,5.833333333333333,0.8975274678557507,0,0,v1_streak5_osc6,0,0,,0,0,v1_go_forward_grid_pos_unchanged,Not applicable: TextWorld has no grid movement.,1.6666666666666667,0.5374838498865699,0.26666666666666666,0.4422166387140533,0.0,0.0,0.0,0.0,0.0,0.0,0.0,0.0,0.0,0.0,0.23333333333333334,0.4229525846816507,0.0,0.0,0.13333333333333333,0.339934634239519,0.0,0.0,30
textworld,medium,gpt-4o-mini,openai,reflection,medium,15,tw-treasure_hunter-L15-medium,reflection,0,30,4,0.13333333333333333,0.05309569424218104,0.2968168394441695,0.339934634239519,rollout_tw_medium_reflection_20260401_232913_summary.json,,3.75,1.7853571071357126,67.53333333333333,27.90905866480551,0.6,18,v1_streak5_osc6,0.8333333333333334,25,,0,0,v1_go_forward_grid_pos_unchanged,Not applicable: TextWorld has no grid movement.,,,,,,,,,,,,,,,,,,,,,,,
textworld,medium,gemini-2.5-flash-lite,gemini,reflection,medium,15,tw-treasure_hunter-L15-medium,reflection,0,30,7,0.23333333333333334,0.11792239210501232,0.40928672330324267,0.42295258468165065,rollout_tw_medium_reflection_20260401_235009_summary.json,,15.142857142857142,15.384858710791608,62.666666666666664,29.689878559685773,0.6666666666666666,20,v1_streak5_osc6,0.7333333333333333,22,,0,0,v1_go_forward_grid_pos_unchanged,Not applicable: TextWorld has no grid movement.,,,,,,,,,,,,,,,,,,,,,,,
textworld,medium,deepseek-chat,deepseek,reflection,medium,15,tw-treasure_hunter-L15-medium,reflection,0,30,8,0.26666666666666666,0.14182495553910618,0.4444830204431169,0.4422166387140533,rollout_tw_medium_reflection_20260402_041549_summary.json,,11.375,10.930890860309603,61.7,30.867620575612886,0.6666666666666666,20,v1_streak5_osc6,0.7333333333333333,22,,0,0,v1_go_forward_grid_pos_unchanged,Not applicable: TextWorld has no grid movement.,,,,,,,,,,,,,,,,,,,,,,,
textworld,medium,gpt-4o-mini,openai,trajectory,medium,15,tw-treasure_hunter-L15-medium,trajectory,0,30,28,0.9333333333333333,0.7867618227892791,0.9815233646723066,0.24944382578492943,rollout_tw_medium_trajectory_20260401_232201_summary.json,,6.142857142857143,1.2453996981544782,11.066666666666666,18.462454393233372,0,0,v1_streak5_osc6,0.06666666666666667,2,,0,0,v1_go_forward_grid_pos_unchanged,Not applicable: TextWorld has no grid movement.,,,,,,,,,,,,,,,,,,,,,,,
textworld,medium,gemini-2.5-flash-lite,gemini,trajectory,medium,15,tw-treasure_hunter-L15-medium,trajectory,0,30,28,0.9333333333333333,0.7867618227892791,0.9815233646723066,0.24944382578492943,rollout_tw_medium_trajectory_20260401_234658_summary.json,,6.25,1.352906923205415,8.766666666666667,13.295822234404644,0.03333333333333333,1,v1_streak5_osc6,0.03333333333333333,1,,0,0,v1_go_forward_grid_pos_unchanged,Not applicable: TextWorld has no grid movement.,,,,,,,,,,,,,,,,,,,,,,,
textworld,medium,deepseek-chat,deepseek,trajectory,medium,15,tw-treasure_hunter-L15-medium,trajectory,0,30,30,1,0.8864829086095221,1.0,0.0,rollout_tw_medium_trajectory_20260402_040904_summary.json,,5.833333333333333,0.8975274678557507,5.833333333333333,0.8975274678557507,0,0,v1_streak5_osc6,0,0,,0,0,v1_go_forward_grid_pos_unchanged,Not applicable: TextWorld has no grid movement.,,,,,,,,,,,,,,,,,,,,,,,
